grid_id,target,model,val_accuracy,val_f1_macro,val_f1_weighted,test_accuracy,test_f1_macro,test_f1_weighted,train_time_s,train_rows_resampled,val_rows,test_rows
Grid_108,temp_qc,RandomForest,0.8969,0.6806,0.918,0.7359,0.212,0.8476,487.51,875056,40837,50097
Grid_108,temp_qc,ExtraTrees,0.8559,0.5591,0.8901,0.7096,0.2075,0.8299,149.92,875056,40837,50097
Grid_108,temp_qc,XGBoost,0.9065,0.7406,0.925,0.6413,0.1954,0.7812,168.59,875056,40837,50097
Grid_108,temp_qc,CatBoost,0.8107,0.4638,0.8603,0.5646,0.1804,0.7215,448.98,875056,40837,50097
Grid_108,temp_qc,LightGBM,0.8986,0.7152,0.9195,0.6759,0.2017,0.8063,72.17,875056,40837,50097
Grid_108,temp_qc,LogisticRegression,0.5577,0.2421,0.6773,0.6148,0.1904,0.7612,1044.5,875056,40837,50097
Grid_108,psal_qc,RandomForest,0.8997,0.6553,0.9174,0.7408,0.2128,0.8508,464.68,865504,40837,50097
Grid_108,psal_qc,ExtraTrees,0.857,0.5397,0.8874,0.7158,0.2086,0.8341,120.8,865504,40837,50097
Grid_108,psal_qc,XGBoost,0.9119,0.6875,0.9267,0.6699,0.2006,0.8021,141.15,865504,40837,50097
Grid_108,psal_qc,CatBoost,0.814,0.4705,0.8588,0.6003,0.1876,0.75,429.51,865504,40837,50097
Grid_108,psal_qc,LightGBM,0.8945,0.6846,0.9141,0.6889,0.2039,0.8155,74.22,865504,40837,50097
Grid_108,psal_qc,LogisticRegression,0.5912,0.2586,0.6989,0.6033,0.1882,0.7524,1881.66,865504,40837,50097
Grid_107,temp_qc,RandomForest,0.8973,0.7718,0.9119,0.5483,0.2369,0.7079,189.4,692452,33917,43524
Grid_107,temp_qc,ExtraTrees,0.8162,0.6749,0.8519,0.4717,0.2143,0.6407,70.69,692452,33917,43524
Grid_107,temp_qc,XGBoost,0.887,0.7671,0.904,0.4461,0.2057,0.6169,88.51,692452,33917,43524
Grid_107,temp_qc,CatBoost,0.7905,0.6652,0.8328,0.3738,0.1814,0.5441,324.52,692452,33917,43524
Grid_107,temp_qc,LightGBM,0.8624,0.741,0.885,0.5721,0.2427,0.7278,53.86,692452,33917,43524
Grid_107,temp_qc,LogisticRegression,0.5146,0.5067,0.6153,0.3125,0.159,0.4758,871.59,692452,33917,43524
Grid_107,psal_qc,RandomForest,0.8928,0.7652,0.9077,0.53,0.2318,0.6925,261.36,690188,33917,43524
Grid_107,psal_qc,ExtraTrees,0.8092,0.6708,0.8457,0.4533,0.2086,0.6235,83.39,690188,33917,43524
Grid_107,psal_qc,XGBoost,0.8815,0.7629,0.8994,0.422,0.1979,0.5935,109.66,690188,33917,43524
Grid_107,psal_qc,CatBoost,0.7821,0.6584,0.8259,0.373,0.1812,0.5433,348.85,690188,33917,43524
Grid_107,psal_qc,LightGBM,0.8662,0.4905,0.8877,0.5145,0.2265,0.6794,62.01,690188,33917,43524
Grid_107,psal_qc,LogisticRegression,0.5238,0.5098,0.6232,0.3102,0.1582,0.4732,793.99,690188,33917,43524
Grid_109,temp_qc,RandomForest,0.9349,0.6062,0.9441,0.8073,0.2234,0.8932,679.01,1600796,75132,66628
Grid_109,temp_qc,ExtraTrees,0.8958,0.4149,0.9151,0.7549,0.2151,0.8602,275.12,1600796,75132,66628
Grid_109,temp_qc,XGBoost,0.9278,0.532,0.9393,0.6985,0.2056,0.8224,349.74,1600796,75132,66628
Grid_109,temp_qc,CatBoost,0.8691,0.3636,0.8975,0.6328,0.1938,0.775,957.09,1600796,75132,66628
Grid_109,temp_qc,LightGBM,0.922,0.5387,0.935,0.7345,0.2117,0.8468,136.81,1600796,75132,66628
Grid_109,temp_qc,LogisticRegression,0.627,0.2534,0.7313,0.5526,0.1838,0.7118,3524.74,1600796,75132,66628
Grid_109,psal_qc,RandomForest,0.933,0.6462,0.9424,0.8348,0.2275,0.9098,662.82,1599176,75132,66628
Grid_109,psal_qc,ExtraTrees,0.8847,0.6025,0.9072,0.7382,0.2124,0.8492,183.54,1599176,75132,66628
Grid_109,psal_qc,XGBoost,0.9269,0.6428,0.9385,0.7064,0.207,0.8278,227.45,1599176,75132,66628
Grid_109,psal_qc,CatBoost,0.8749,0.4475,0.9008,0.6248,0.1923,0.769,746.91,1599176,75132,66628
Grid_109,psal_qc,LightGBM,0.9195,0.6352,0.9329,0.7286,0.2108,0.8429,110.8,1599176,75132,66628
Grid_109,psal_qc,LogisticRegression,0.7111,0.2855,0.79,0.6462,0.1963,0.785,3549.27,1599176,75132,66628
Grid_110,temp_qc,RandomForest,0.866,0.5951,0.9042,0.8053,0.223,0.8921,79.8,582572,90103,172654
Grid_110,temp_qc,ExtraTrees,0.7874,0.5312,0.854,0.7326,0.2114,0.8456,31.42,582572,90103,172654
Grid_110,temp_qc,XGBoost,0.9765,0.7858,0.9771,0.9382,0.242,0.9681,32.33,582572,90103,172654
Grid_110,temp_qc,CatBoost,0.8056,0.3441,0.8662,0.7304,0.2111,0.8442,45.54,582572,90103,172654
Grid_110,temp_qc,LightGBM,0.9105,0.622,0.9331,0.8427,0.2287,0.9146,17.63,582572,90103,172654
Grid_110,temp_qc,LogisticRegression,0.5955,0.3492,0.7196,0.4962,0.1658,0.6633,194.52,582572,90103,172654
Grid_110,psal_qc,RandomForest,0.8918,0.5696,0.9199,0.7421,0.213,0.8142,80.81,613268,90103,172654
Grid_110,psal_qc,ExtraTrees,0.8113,0.5089,0.8674,0.682,0.2027,0.7749,32.73,613268,90103,172654
Grid_110,psal_qc,XGBoost,0.9744,0.6617,0.9752,0.8859,0.2349,0.8978,33.42,613268,90103,172654
Grid_110,psal_qc,CatBoost,0.8356,0.5233,0.8833,0.6889,0.2042,0.7805,47.32,613268,90103,172654
Grid_110,psal_qc,LightGBM,0.9104,0.5936,0.9325,0.7549,0.2151,0.8221,18.5,613268,90103,172654
Grid_110,psal_qc,LogisticRegression,0.6919,0.4357,0.7849,0.6331,0.3981,0.769,191.36,613268,90103,172654
Grid_127,temp_qc,RandomForest,0.9184,0.6836,0.9385,0.8327,0.3029,0.9085,29.17,267414,41787,153138
Grid_127,temp_qc,ExtraTrees,0.8398,0.581,0.889,0.7743,0.291,0.8726,11.54,267414,41787,153138
Grid_127,temp_qc,XGBoost,0.9842,0.8766,0.9844,0.9229,0.32,0.9597,3.96,267414,41787,153138
Grid_127,temp_qc,CatBoost,0.8933,0.6517,0.923,0.7123,0.2774,0.8318,9.94,267414,41787,153138
Grid_127,temp_qc,LightGBM,0.9138,0.6865,0.9362,0.767,0.2894,0.868,2.61,267414,41787,153138
Grid_127,temp_qc,LogisticRegression,0.662,0.4576,0.7691,0.6566,0.2643,0.7926,50.71,267414,41787,153138
Grid_127,psal_qc,RandomForest,0.9308,0.7074,0.9466,0.7709,0.2182,0.7816,31.98,267422,41787,153138
Grid_127,psal_qc,ExtraTrees,0.8444,0.5839,0.8919,0.6979,0.2064,0.7395,11.59,267422,41787,153138
Grid_127,psal_qc,XGBoost,0.9864,0.8892,0.9863,0.8308,0.2274,0.8147,11.47,267422,41787,153138
Grid_127,psal_qc,CatBoost,0.8744,0.6252,0.9111,0.6383,0.1968,0.705,19.13,267422,41787,153138
Grid_127,psal_qc,LightGBM,0.9334,0.7249,0.9489,0.7186,0.2124,0.7607,7.16,267422,41787,153138
Grid_127,psal_qc,LogisticRegression,0.6356,0.2967,0.7494,0.5244,0.1852,0.6614,79.01,267422,41787,153138
Grid_128,temp_qc,RandomForest,0.9554,0.5958,0.9694,0.8322,0.2272,0.9081,444.16,1187752,52988,161666
Grid_128,temp_qc,ExtraTrees,0.9306,0.5596,0.9554,0.8274,0.2264,0.9053,136.16,1187752,52988,161666
Grid_128,temp_qc,XGBoost,0.9821,0.7069,0.986,0.7817,0.2195,0.8772,161.04,1187752,52988,161666
Grid_128,temp_qc,CatBoost,0.9355,0.4227,0.9586,0.8764,0.2337,0.9338,548.1,1187752,52988,161666
Grid_128,temp_qc,LightGBM,0.9757,0.6647,0.9819,0.8579,0.231,0.9232,93.85,1187752,52988,161666
Grid_128,temp_qc,LogisticRegression,0.6307,0.2107,0.7634,0.6435,0.196,0.7828,561.59,1187752,52988,161666
Grid_128,psal_qc,RandomForest,0.959,0.4288,0.9698,0.7456,0.2198,0.7046,575.71,1182832,52988,161666
Grid_128,psal_qc,ExtraTrees,0.9301,0.42,0.9528,0.7291,0.215,0.6978,159.7,1182832,52988,161666
Grid_128,psal_qc,XGBoost,0.9746,0.5145,0.9802,0.714,0.2179,0.7111,165.39,1182832,52988,161666
Grid_128,psal_qc,CatBoost,0.9016,0.3538,0.9367,0.6919,0.2136,0.6961,612.13,1182832,52988,161666
Grid_128,psal_qc,LightGBM,0.9689,0.7461,0.9765,0.7127,0.2178,0.7073,147.49,1182832,52988,161666
Grid_128,psal_qc,LogisticRegression,0.5758,0.2099,0.7168,0.5716,0.2023,0.6612,2499.07,1182832,52988,161666
Grid_129,temp_qc,RandomForest,0.9308,0.4423,0.9506,0.9079,0.2379,0.9515,507.96,1259876,56766,200344
Grid_129,temp_qc,ExtraTrees,0.8891,0.4022,0.9255,0.8943,0.2361,0.944,152.35,1259876,56766,200344
Grid_129,temp_qc,XGBoost,0.9609,0.5272,0.9698,0.7478,0.2141,0.8556,198.23,1259876,56766,200344
Grid_129,temp_qc,CatBoost,0.904,0.4172,0.935,0.8141,0.2244,0.8974,685.15,1259876,56766,200344
Grid_129,temp_qc,LightGBM,0.9492,0.5406,0.9623,0.85,0.2297,0.9188,104.1,1259876,56766,200344
Grid_129,temp_qc,LogisticRegression,0.652,0.3022,0.7712,0.6892,0.204,0.8159,477.78,1259876,56766,200344
Grid_129,psal_qc,RandomForest,0.939,0.7155,0.9556,0.7911,0.2254,0.7947,441.12,1259932,56766,200344
Grid_129,psal_qc,ExtraTrees,0.9061,0.7661,0.9355,0.788,0.2275,0.7824,136.77,1259932,56766,200344
Grid_129,psal_qc,XGBoost,0.9627,0.8752,0.9711,0.7009,0.2122,0.7459,181.58,1259932,56766,200344
Grid_129,psal_qc,CatBoost,0.9152,0.5203,0.9414,0.7134,0.2098,0.7423,661.85,1259932,56766,200344
Grid_129,psal_qc,LightGBM,0.9537,0.8604,0.9653,0.7326,0.2185,0.7632,148.35,1259932,56766,200344
Grid_129,psal_qc,LogisticRegression,0.6905,0.3284,0.7988,0.7281,0.3265,0.7889,578.94,1259932,56766,200344
Grid_130,temp_qc,RandomForest,0.9484,0.6329,0.9594,0.8779,0.2337,0.9349,617.74,1245244,56430,208374
Grid_130,temp_qc,ExtraTrees,0.9164,0.5841,0.9392,0.8369,0.2278,0.9111,199.99,1245244,56430,208374
Grid_130,temp_qc,XGBoost,0.943,0.6348,0.9568,0.8065,0.2232,0.8929,245.8,1245244,56430,208374
Grid_130,temp_qc,CatBoost,0.8778,0.4808,0.9165,0.7628,0.2164,0.8654,898.71,1245244,56430,208374
Grid_130,temp_qc,LightGBM,0.929,0.3902,0.948,0.8367,0.2278,0.911,206.36,1245244,56430,208374
Grid_130,temp_qc,LogisticRegression,0.5962,0.4627,0.7261,0.5552,0.1785,0.7139,1685.99,1245244,56430,208374
Grid_130,psal_qc,RandomForest,0.9529,0.6993,0.9625,0.8518,0.2402,0.8836,485.44,1245384,56430,208374
Grid_130,psal_qc,ExtraTrees,0.9214,0.611,0.9423,0.8032,0.2317,0.8554,147.37,1245384,56430,208374
Grid_130,psal_qc,XGBoost,0.9484,0.6726,0.9604,0.7732,0.2264,0.8374,187.71,1245384,56430,208374
Grid_130,psal_qc,CatBoost,0.8904,0.451,0.9241,0.7311,0.2202,0.8112,686.69,1245384,56430,208374
Grid_130,psal_qc,LightGBM,0.9399,0.4347,0.9548,0.7959,0.2325,0.8514,110.19,1245384,56430,208374
Grid_130,psal_qc,LogisticRegression,0.6354,0.4692,0.7565,0.5803,0.2031,0.7054,1493.36,1245384,56430,208374
Grid_147,temp_qc,RandomForest,0.9832,0.6136,0.9856,0.962,0.2452,0.9803,396.71,1103740,49440,146433
Grid_147,temp_qc,ExtraTrees,0.9735,0.4463,0.9788,0.9542,0.2441,0.9763,145.6,1103740,49440,146433
Grid_147,temp_qc,XGBoost,0.9915,0.7005,0.9925,0.8984,0.2366,0.9462,188.34,1103740,49440,146433
Grid_147,temp_qc,CatBoost,0.9629,0.3943,0.9734,0.8957,0.2363,0.9447,557.45,1103740,49440,146433
Grid_147,temp_qc,LightGBM,0.9857,0.6687,0.9881,0.9023,0.2372,0.9484,91.74,1103740,49440,146433
Grid_147,temp_qc,LogisticRegression,0.6557,0.215,0.7799,0.5541,0.1783,0.713,1679.06,1103740,49440,146433
Grid_147,psal_qc,RandomForest,0.9801,0.9041,0.9834,0.7799,0.2844,0.7452,334.29,1093952,49440,146433
Grid_147,psal_qc,ExtraTrees,0.957,0.8321,0.9675,0.7793,0.3591,0.7551,115.38,1093952,49440,146433
Grid_147,psal_qc,XGBoost,0.982,0.913,0.9849,0.7437,0.419,0.7391,134.57,1093952,49440,146433
Grid_147,psal_qc,CatBoost,0.9558,0.7592,0.9668,0.7311,0.2174,0.7199,484.99,1093952,49440,146433
Grid_147,psal_qc,LightGBM,0.9764,0.8962,0.981,0.7395,0.4106,0.7366,73.75,1093952,49440,146433
Grid_147,psal_qc,LogisticRegression,0.644,0.303,0.7624,0.6306,0.2639,0.7097,1224.92,1093952,49440,146433
Grid_148,temp_qc,RandomForest,0.9743,0.5854,0.9832,0.9126,0.2386,0.9538,313.79,837772,37581,103769
Grid_148,temp_qc,ExtraTrees,0.9683,0.5722,0.9775,0.8835,0.2346,0.9377,91.39,837772,37581,103769
Grid_148,temp_qc,XGBoost,0.9891,0.7072,0.9922,0.8387,0.2281,0.9118,116.55,837772,37581,103769
Grid_148,temp_qc,CatBoost,0.9603,0.5338,0.9736,0.8238,0.2307,0.9029,358.5,837772,37581,103769
Grid_148,temp_qc,LightGBM,0.9852,0.6875,0.9896,0.848,0.2295,0.9172,63.04,837772,37581,103769
Grid_148,temp_qc,LogisticRegression,0.7315,0.2913,0.8312,0.5038,0.1676,0.6698,962.12,837772,37581,103769
Grid_148,psal_qc,RandomForest,0.9943,0.9452,0.9946,0.785,0.4262,0.7511,230.9,831540,37581,103769
Grid_148,psal_qc,ExtraTrees,0.9875,0.8928,0.9886,0.748,0.3554,0.7245,76.4,831540,37581,103769
Grid_148,psal_qc,XGBoost,0.9983,0.9835,0.9983,0.7227,0.3898,0.7132,104.03,831540,37581,103769
Grid_148,psal_qc,CatBoost,0.9854,0.8787,0.987,0.6752,0.3213,0.6801,349.47,831540,37581,103769
Grid_148,psal_qc,LightGBM,0.9988,0.9893,0.9988,0.7198,0.3838,0.7111,60.56,831540,37581,103769
Grid_148,psal_qc,LogisticRegression,0.6944,0.3066,0.7987,0.4809,0.2726,0.5677,906.1,831540,37581,103769
Grid_149,temp_qc,RandomForest,0.9853,0.5937,0.9894,0.9758,0.2469,0.9873,530.24,1225932,54394,171021
Grid_149,temp_qc,ExtraTrees,0.969,0.5042,0.9802,0.9608,0.245,0.9796,148.18,1225932,54394,171021
Grid_149,temp_qc,XGBoost,0.9928,0.6326,0.9945,0.963,0.2453,0.9807,159.76,1225932,54394,171021
Grid_149,temp_qc,CatBoost,0.958,0.342,0.9745,0.947,0.2432,0.9724,588.85,1225932,54394,171021
Grid_149,temp_qc,LightGBM,0.9924,0.553,0.9946,0.9553,0.2443,0.9767,109.13,1225932,54394,171021
Grid_149,temp_qc,LogisticRegression,0.7101,0.237,0.8253,0.75,0.2145,0.8568,1392.39,1225932,54394,171021
Grid_149,psal_qc,RandomForest,0.9882,0.6478,0.9912,0.8936,0.236,0.866,322.58,919890,54394,171021
Grid_149,psal_qc,ExtraTrees,0.9749,0.589,0.9835,0.8835,0.2345,0.8608,88.25,919890,54394,171021
Grid_149,psal_qc,XGBoost,0.9979,0.8023,0.9981,0.8811,0.2342,0.8595,87.63,919890,54394,171021
Grid_149,psal_qc,CatBoost,0.9869,0.5041,0.9906,0.8756,0.2334,0.8567,334.24,919890,54394,171021
Grid_149,psal_qc,LightGBM,0.9983,0.7539,0.9984,0.879,0.2339,0.8585,48.02,919890,54394,171021
Grid_149,psal_qc,LogisticRegression,0.8485,0.3424,0.9131,0.7611,0.2161,0.7931,861.57,919890,54394,171021
Grid_150,temp_qc,RandomForest,0.9887,0.6035,0.9902,0.9188,0.2394,0.9575,482.96,1075491,64088,252931
Grid_150,temp_qc,ExtraTrees,0.9782,0.5302,0.983,0.9051,0.2375,0.95,146.84,1075491,64088,252931
Grid_150,temp_qc,XGBoost,0.9904,0.6248,0.9918,0.8655,0.232,0.9277,129.3,1075491,64088,252931
Grid_150,temp_qc,CatBoost,0.9653,0.5028,0.9758,0.8224,0.2256,0.9023,395.08,1075491,64088,252931
Grid_150,temp_qc,LightGBM,0.9849,0.5827,0.9878,0.8499,0.2297,0.9187,59.97,1075491,64088,252931
Grid_150,temp_qc,LogisticRegression,0.6284,0.2859,0.7609,0.5911,0.1858,0.7429,1973.44,1075491,64088,252931
Grid_150,psal_qc,RandomForest,0.9872,0.6547,0.9891,0.851,0.2364,0.8698,468.8,1075098,64088,252931
Grid_150,psal_qc,ExtraTrees,0.9794,0.5754,0.9836,0.8465,0.234,0.8673,135.42,1075098,64088,252931
Grid_150,psal_qc,XGBoost,0.9907,0.7236,0.9919,0.8005,0.2284,0.8411,110.17,1075098,64088,252931
Grid_150,psal_qc,CatBoost,0.9717,0.5264,0.9789,0.778,0.2245,0.8277,393.06,1075098,64088,252931
Grid_150,psal_qc,LightGBM,0.9851,0.7435,0.9877,0.7997,0.2286,0.8405,58.34,1075098,64088,252931
Grid_150,psal_qc,LogisticRegression,0.6639,0.2932,0.7866,0.6379,0.3048,0.7488,9920.96,1075098,64088,252931
Grid_29,temp_qc,RandomForest,0.9965,0.7506,0.9968,0.9965,0.3374,0.998,1102.52,2560893,158961,1219452
Grid_29,temp_qc,ExtraTrees,0.9933,0.7241,0.9944,0.9946,0.3334,0.997,381.72,2560893,158961,1219452
Grid_29,temp_qc,XGBoost,0.9944,0.737,0.9951,0.9935,0.3322,0.9964,281.05,2560893,158961,1219452
Grid_29,temp_qc,CatBoost,0.9859,0.6754,0.9887,0.9893,0.3315,0.9944,960.04,2560893,158961,1219452
Grid_29,temp_qc,LightGBM,0.9915,0.7082,0.9929,0.9917,0.3319,0.9955,151.46,2560893,158961,1219452
Grid_29,temp_qc,LogisticRegression,0.9317,0.5248,0.9481,0.9612,0.3269,0.98,3210.54,2560893,158961,1219452
Grid_29,psal_qc,RandomForest,0.9632,0.7937,0.9694,0.9241,0.2413,0.9602,2042.51,3305964,158961,1219452
Grid_29,psal_qc,ExtraTrees,0.9237,0.6853,0.9427,0.8666,0.2327,0.9282,567.87,3305964,158961,1219452
Grid_29,psal_qc,XGBoost,0.9329,0.7126,0.9472,0.8768,0.2343,0.9341,461.57,3305964,158961,1219452
Grid_29,psal_qc,CatBoost,0.8898,0.6068,0.9165,0.8132,0.2249,0.8967,1451.76,3305964,158961,1219452
Grid_29,psal_qc,LightGBM,0.9208,0.6767,0.9372,0.8817,0.2349,0.9368,269.07,3305964,158961,1219452
Grid_29,psal_qc,LogisticRegression,0.6554,0.4139,0.7652,0.6133,0.1905,0.7601,6076.92,3305964,158961,1219452
Grid_30,temp_qc,RandomForest,0.9996,0.4141,0.9997,0.9996,0.4999,0.9995,741.07,1235787,72708,200887
Grid_30,temp_qc,ExtraTrees,0.9983,0.3747,0.999,0.9994,0.4998,0.9993,168.41,1235787,72708,200887
Grid_30,temp_qc,XGBoost,0.9997,0.4509,0.9997,0.9994,0.4998,0.9993,213.42,1235787,72708,200887
Grid_30,temp_qc,CatBoost,0.9971,0.359,0.9984,0.9989,0.3396,0.9991,604.18,1235787,72708,200887
Grid_30,temp_qc,LightGBM,0.9997,0.4666,0.9997,0.9994,0.4998,0.9993,103.94,1235787,72708,200887
Grid_30,temp_qc,LogisticRegression,0.8422,0.3055,0.9142,0.9638,0.3293,0.9812,1151.72,1235787,72708,200887
Grid_30,psal_qc,RandomForest,0.9756,0.7632,0.9784,0.8978,0.3154,0.9461,757.81,1588480,72708,200887
Grid_30,psal_qc,ExtraTrees,0.9308,0.586,0.9465,0.8373,0.3038,0.9115,243.59,1588480,72708,200887
Grid_30,psal_qc,XGBoost,0.9717,0.7648,0.9757,0.8526,0.3068,0.9204,282.15,1588480,72708,200887
Grid_30,psal_qc,CatBoost,0.9308,0.5137,0.9467,0.7494,0.2142,0.8567,791.32,1588480,72708,200887
Grid_30,psal_qc,LightGBM,0.9631,0.771,0.9692,0.8497,0.3062,0.9187,131.59,1588480,72708,200887
Grid_30,psal_qc,LogisticRegression,0.6018,0.2483,0.7245,0.5181,0.1706,0.6826,1959.16,1588480,72708,200887
Grid_48,temp_qc,RandomForest,0.9468,0.4458,0.9656,0.9122,0.2385,0.9529,806.83,1619400,72113,278222
Grid_48,temp_qc,ExtraTrees,0.9269,0.5334,0.9545,0.8893,0.2354,0.9402,187.85,1619400,72113,278222
Grid_48,temp_qc,XGBoost,0.9695,0.4811,0.9787,0.8651,0.2319,0.9266,230.52,1619400,72113,278222
Grid_48,temp_qc,CatBoost,0.9185,0.3224,0.9499,0.8072,0.2234,0.8926,614.77,1619400,72113,278222
Grid_48,temp_qc,LightGBM,0.9645,0.4721,0.9758,0.8861,0.2349,0.9384,119.9,1619400,72113,278222
Grid_48,temp_qc,LogisticRegression,0.6431,0.2085,0.7745,0.5979,0.1882,0.7475,3361.88,1619400,72113,278222
Grid_48,psal_qc,RandomForest,0.972,0.7502,0.9771,0.9058,0.3382,0.9415,759.58,1598908,72113,278222
Grid_48,psal_qc,ExtraTrees,0.9247,0.6121,0.9471,0.8627,0.2722,0.9168,220.08,1598908,72113,278222
Grid_48,psal_qc,XGBoost,0.968,0.76,0.9749,0.8529,0.3618,0.9123,221.54,1598908,72113,278222
Grid_48,psal_qc,CatBoost,0.8946,0.4764,0.9289,0.794,0.3841,0.8778,730.56,1598908,72113,278222
Grid_48,psal_qc,LightGBM,0.9578,0.717,0.968,0.8492,0.2413,0.9087,120.71,1598908,72113,278222
Grid_48,psal_qc,LogisticRegression,0.6129,0.2423,0.7433,0.5569,0.3698,0.7085,3191.63,1598908,72113,278222
Grid_49,temp_qc,RandomForest,0.9738,0.427,0.9833,0.9409,0.2433,0.9693,1153.83,2189380,97026,253887
Grid_49,temp_qc,ExtraTrees,0.9414,0.4017,0.9659,0.9133,0.2405,0.9545,311.68,2189380,97026,253887
Grid_49,temp_qc,XGBoost,0.9804,0.5201,0.987,0.9367,0.2433,0.9671,349.05,2189380,97026,253887
Grid_49,temp_qc,CatBoost,0.9192,0.2994,0.9539,0.8562,0.2313,0.9223,994.13,2189380,97026,253887
Grid_49,temp_qc,LightGBM,0.975,0.5221,0.9841,0.9292,0.2432,0.9631,204.92,2189380,97026,253887
Grid_49,temp_qc,LogisticRegression,0.6028,0.1992,0.7479,0.6342,0.1942,0.776,2581.45,2189380,97026,253887
Grid_49,psal_qc,RandomForest,0.907,0.663,0.9281,0.8047,0.2494,0.8801,1044.21,2098888,97026,253887
Grid_49,psal_qc,ExtraTrees,0.8672,0.5622,0.9019,0.7907,0.2461,0.8716,335.52,2098888,97026,253887
Grid_49,psal_qc,XGBoost,0.9333,0.6561,0.9461,0.8168,0.2541,0.8874,347.79,2098888,97026,253887
Grid_49,psal_qc,CatBoost,0.8696,0.4944,0.9032,0.7426,0.2415,0.8405,920.52,2098888,97026,253887
Grid_49,psal_qc,LightGBM,0.9167,0.6358,0.9347,0.8243,0.2592,0.8919,169.3,2098888,97026,253887
Grid_49,psal_qc,LogisticRegression,0.6898,0.2833,0.7877,0.6935,0.2153,0.8097,2401.25,2098888,97026,253887
Grid_50,temp_qc,RandomForest,0.9769,0.4231,0.985,0.9798,0.2508,0.9889,2105.94,4267064,189090,330833
Grid_50,temp_qc,ExtraTrees,0.939,0.322,0.9647,0.9492,0.2477,0.9731,667.66,4267064,189090,330833
Grid_50,temp_qc,XGBoost,0.9644,0.3627,0.9783,0.9498,0.2476,0.9734,597.67,4267064,189090,330833
Grid_50,temp_qc,CatBoost,0.889,0.2756,0.9371,0.8938,0.2403,0.9431,1783.38,4267064,189090,330833
Grid_50,temp_qc,LightGBM,0.9552,0.3497,0.9734,0.9433,0.2533,0.97,351.4,4267064,189090,330833
Grid_50,temp_qc,LogisticRegression,0.5153,0.1764,0.6765,0.5506,0.1792,0.7093,10330.05,4267064,189090,330833
Grid_50,psal_qc,RandomForest,0.9192,0.5876,0.9385,0.8938,0.236,0.9439,2515.14,4127344,189090,330833
Grid_50,psal_qc,ExtraTrees,0.871,0.4503,0.9075,0.8708,0.2327,0.9309,23735.62,4127344,189090,330833
Grid_50,psal_qc,XGBoost,0.8955,0.5188,0.9232,0.881,0.2342,0.9367,681.54,4127344,189090,330833
Grid_50,psal_qc,CatBoost,0.822,0.3746,0.8765,0.7974,0.2218,0.8873,1846.02,4127344,189090,330833
Grid_50,psal_qc,LightGBM,0.8735,0.4623,0.909,0.8736,0.2331,0.9325,365.26,4127344,189090,330833
Grid_50,psal_qc,LogisticRegression,0.6296,0.2384,0.7486,0.7768,0.2186,0.8744,4938.6,4127344,189090,330833
Grid_51,temp_qc,RandomForest,0.9999,0.4444,0.9998,0.9998,0.4999,0.9997,624.47,616677,36279,25999
Grid_51,temp_qc,ExtraTrees,0.9998,0.4666,0.9998,0.9996,0.4999,0.9996,128.23,616677,36279,25999
Grid_51,temp_qc,XGBoost,0.9999,0.8571,0.9999,0.9997,0.4999,0.9996,586.79,616677,36279,25999
Grid_51,temp_qc,CatBoost,0.9995,0.4333,0.9997,0.9978,0.333,0.9987,1048.54,616677,36279,25999
Grid_51,temp_qc,LightGBM,0.9999,0.8571,0.9999,0.9997,0.4999,0.9996,2106.22,616677,36279,25999
Grid_51,temp_qc,LogisticRegression,0.9376,0.4898,0.9677,0.9083,0.3173,0.9517,583.88,616677,36279,25999
Grid_51,psal_qc,RandomForest,0.9909,0.9231,0.9911,0.9692,0.3281,0.9843,116.52,205580,36279,25999
Grid_51,psal_qc,ExtraTrees,0.9706,0.7736,0.9743,0.8625,0.3087,0.9261,38.96,205580,36279,25999
Grid_51,psal_qc,XGBoost,0.9989,0.9942,0.9989,0.9622,0.3269,0.9807,1314.29,205580,36279,25999
Grid_51,psal_qc,CatBoost,0.9572,0.7351,0.9648,0.8192,0.3002,0.9006,482.49,205580,36279,25999
Grid_51,psal_qc,LightGBM,0.9937,0.9692,0.9939,0.844,0.3051,0.9154,1196.98,205580,36279,25999
Grid_51,psal_qc,LogisticRegression,0.6483,0.3265,0.7591,0.6099,0.2526,0.7577,1305.2,205580,36279,25999
Grid_87,temp_qc,RandomForest,0.9161,0.7705,0.9281,0.808,0.2991,0.8937,2925.49,618228,29478,101442
Grid_87,temp_qc,ExtraTrees,0.852,0.5956,0.8818,0.7736,0.2918,0.8722,706.91,618228,29478,101442
Grid_87,temp_qc,XGBoost,0.9005,0.7693,0.9173,0.7293,0.2812,0.8433,883.09,618228,29478,101442
Grid_87,temp_qc,CatBoost,0.8075,0.4506,0.8516,0.6782,0.2021,0.8082,1499.57,618228,29478,101442
Grid_87,temp_qc,LightGBM,0.8824,0.7405,0.9044,0.7871,0.2936,0.8807,533.81,618228,29478,101442
Grid_87,temp_qc,LogisticRegression,0.5275,0.2493,0.6438,0.6081,0.1891,0.7562,1793.39,618228,29478,101442
Grid_87,psal_qc,RandomForest,0.9172,0.739,0.9259,0.8222,0.3027,0.9023,3633.62,604924,29478,101442
Grid_87,psal_qc,ExtraTrees,0.8541,0.617,0.8776,0.773,0.2918,0.8718,500.67,604924,29478,101442
Grid_87,psal_qc,XGBoost,0.8979,0.7338,0.9122,0.6968,0.2738,0.8212,497.57,604924,29478,101442
Grid_87,psal_qc,CatBoost,0.7985,0.4363,0.8387,0.6365,0.1945,0.7778,793.71,604924,29478,101442
Grid_87,psal_qc,LightGBM,0.8675,0.6782,0.8892,0.7577,0.2874,0.8621,441.17,604924,29478,101442
Grid_87,psal_qc,LogisticRegression,0.5161,0.2427,0.624,0.6475,0.1965,0.7859,2521.52,604924,29478,101442
Grid_88,temp_qc,RandomForest,0.9252,0.6338,0.9368,0.7841,0.293,0.879,3051.56,675888,31958,99569
Grid_88,temp_qc,ExtraTrees,0.8403,0.524,0.8777,0.77,0.29,0.8701,731.41,675888,31958,99569
Grid_88,temp_qc,XGBoost,0.9183,0.629,0.932,0.7107,0.277,0.8309,1222.55,675888,31958,99569
Grid_88,temp_qc,CatBoost,0.8446,0.4574,0.8804,0.6873,0.2037,0.8147,1445.89,675888,31958,99569
Grid_88,temp_qc,LightGBM,0.9086,0.6225,0.925,0.7534,0.2865,0.8594,507.38,675888,31958,99569
Grid_88,temp_qc,LogisticRegression,0.5266,0.2436,0.6454,0.5846,0.1845,0.7378,2266.14,675888,31958,99569
Grid_88,psal_qc,RandomForest,0.927,0.7225,0.9366,0.8186,0.3001,0.9002,3524.96,664392,31958,99569
Grid_88,psal_qc,ExtraTrees,0.8442,0.5533,0.8763,0.7887,0.2205,0.8819,654.4,664392,31958,99569
Grid_88,psal_qc,XGBoost,0.9258,0.696,0.9357,0.7467,0.285,0.855,1076.49,664392,31958,99569
Grid_88,psal_qc,CatBoost,0.8529,0.4844,0.8822,0.69,0.2041,0.8165,929.84,664392,31958,99569
Grid_88,psal_qc,LightGBM,0.9085,0.6678,0.9223,0.7695,0.2899,0.8698,327.5,664392,31958,99569
Grid_88,psal_qc,LogisticRegression,0.5551,0.2602,0.6647,0.6301,0.1933,0.7731,993.23,664392,31958,99569
Grid_68,temp_qc,RandomForest,0.9729,0.7325,0.9806,0.9549,0.4885,0.9769,4158.48,1283416,57162,132289
Grid_68,temp_qc,ExtraTrees,0.9581,0.5905,0.9719,0.9482,0.3245,0.9734,53945.29,1283416,57162,132289
Grid_68,temp_qc,XGBoost,0.981,0.6801,0.9856,0.9335,0.3219,0.9656,1030.68,1283416,57162,132289
Grid_68,temp_qc,CatBoost,0.9528,0.3953,0.969,0.9186,0.2394,0.9576,945.73,1283416,57162,132289
Grid_68,temp_qc,LightGBM,0.9766,0.6936,0.9829,0.9378,0.3226,0.9679,429.05,1283416,57162,132289
Grid_68,temp_qc,LogisticRegression,0.6662,0.2186,0.791,0.6455,0.1961,0.7845,4395.68,1283416,57162,132289
Grid_68,psal_qc,RandomForest,0.9604,0.7202,0.97,0.7417,0.2839,0.6735,3410.24,953406,57162,132289
Grid_68,psal_qc,ExtraTrees,0.9342,0.6181,0.9538,0.7265,0.2104,0.6655,509.44,953406,57162,132289
Grid_68,psal_qc,XGBoost,0.9721,0.73,0.9778,0.7005,0.2747,0.6515,464.47,953406,57162,132289
Grid_68,psal_qc,CatBoost,0.938,0.4884,0.9563,0.6933,0.2048,0.6476,553.91,953406,57162,132289
Grid_68,psal_qc,LightGBM,0.9595,0.7082,0.9695,0.706,0.2759,0.6545,235.66,953406,57162,132289
Grid_68,psal_qc,LogisticRegression,0.758,0.3313,0.8462,0.7056,0.2766,0.7058,663.22,953406,57162,132289
Grid_67,temp_qc,RandomForest,0.9874,0.7303,0.9893,0.9759,0.247,0.9863,2807.07,1014396,45457,208652
Grid_67,temp_qc,ExtraTrees,0.9748,0.6259,0.9801,0.9648,0.2455,0.9806,773.42,1014396,45457,208652
Grid_67,temp_qc,XGBoost,0.9901,0.7838,0.9916,0.9491,0.2435,0.9724,926.56,1014396,45457,208652
Grid_67,temp_qc,CatBoost,0.9577,0.4297,0.9703,0.9208,0.2397,0.9573,53628.94,1014396,45457,208652
Grid_67,temp_qc,LightGBM,0.9888,0.7801,0.9904,0.9483,0.2434,0.972,444.32,1014396,45457,208652
Grid_67,temp_qc,LogisticRegression,0.6902,0.2324,0.8036,0.5943,0.1877,0.7449,3739.12,1014396,45457,208652
Grid_67,psal_qc,RandomForest,0.9811,0.8733,0.9822,0.8698,0.234,0.8836,3274.14,955276,45457,208652
Grid_67,psal_qc,ExtraTrees,0.9558,0.7923,0.9606,0.8484,0.2304,0.87,506.79,955276,45457,208652
Grid_67,psal_qc,XGBoost,0.9833,0.8938,0.9842,0.7877,0.2262,0.8541,829.78,955276,45457,208652
Grid_67,psal_qc,CatBoost,0.9544,0.5644,0.9599,0.7861,0.2207,0.8334,957.03,955276,45457,208652
Grid_67,psal_qc,LightGBM,0.9756,0.8969,0.9771,0.8032,0.2274,0.8586,407.86,955276,45457,208652
Grid_67,psal_qc,LogisticRegression,0.5545,0.2472,0.6614,0.421,0.1544,0.579,2767.24,955276,45457,208652
Grid_89,temp_qc,RandomForest,0.9448,0.7485,0.9545,0.8201,0.3006,0.9009,59066.17,1462120,67745,95904
Grid_89,temp_qc,ExtraTrees,0.877,0.64,0.9081,0.7447,0.2847,0.8535,1259.5,1462120,67745,95904
Grid_89,temp_qc,XGBoost,0.9334,0.7356,0.9461,0.7687,0.2175,0.8691,948.53,1462120,67745,95904
Grid_89,temp_qc,CatBoost,0.8514,0.449,0.8916,0.6971,0.2056,0.8214,1084.81,1462120,67745,95904
Grid_89,temp_qc,LightGBM,0.9206,0.7143,0.937,0.7987,0.2965,0.8879,505.06,1462120,67745,95904
Grid_89,temp_qc,LogisticRegression,0.4771,0.2095,0.6122,0.4824,0.1628,0.6506,5168.4,1462120,67745,95904
Grid_89,psal_qc,RandomForest,0.9339,0.7158,0.9471,0.8215,0.3007,0.9018,4508.66,1462744,67745,95904
Grid_89,psal_qc,ExtraTrees,0.8486,0.6115,0.8895,0.719,0.2789,0.8364,774.61,1462744,67745,95904
Grid_89,psal_qc,XGBoost,0.9323,0.7279,0.9451,0.7744,0.2909,0.8727,1288.67,1462744,67745,95904
Grid_89,psal_qc,CatBoost,0.8596,0.4876,0.8969,0.6815,0.2026,0.8104,1389.23,1462744,67745,95904
Grid_89,psal_qc,LightGBM,0.9241,0.7117,0.9394,0.8146,0.2993,0.8977,533.99,1462744,67745,95904
Grid_89,psal_qc,LogisticRegression,0.4934,0.2617,0.6269,0.4962,0.1658,0.6632,5569.17,1462744,67745,95904
Grid_90,temp_qc,RandomForest,0.9521,0.619,0.9622,0.8847,0.2347,0.9388,63246.67,2430440,110342,308240
Grid_90,temp_qc,ExtraTrees,0.9044,0.467,0.9316,0.8548,0.2304,0.9217,1653.9,2430440,110342,308240
Grid_90,temp_qc,XGBoost,0.9427,0.6026,0.9563,0.8071,0.2233,0.8932,1475.65,2430440,110342,308240
Grid_90,temp_qc,CatBoost,0.8804,0.3672,0.9176,0.7632,0.2164,0.8657,1901.14,2430440,110342,308240
Grid_90,temp_qc,LightGBM,0.9342,0.6004,0.9508,0.8317,0.227,0.9081,837.13,2430440,110342,308240
Grid_90,temp_qc,LogisticRegression,0.5297,0.2063,0.6695,0.6309,0.1934,0.7737,7104.57,2430440,110342,308240
Grid_90,psal_qc,RandomForest,0.9518,0.6592,0.9614,0.8999,0.3158,0.9473,64531.67,2424068,110342,308240
Grid_90,psal_qc,ExtraTrees,0.903,0.5726,0.9295,0.8591,0.3081,0.9242,1000.11,2424068,110342,308240
Grid_90,psal_qc,XGBoost,0.9371,0.6168,0.9519,0.8165,0.2997,0.899,1176.3,2424068,110342,308240
Grid_90,psal_qc,CatBoost,0.8925,0.4641,0.9239,0.7625,0.2884,0.8652,1684.24,2424068,110342,308240
Grid_90,psal_qc,LightGBM,0.9355,0.6304,0.9509,0.8339,0.3031,0.9094,775.84,2424068,110342,308240
Grid_90,psal_qc,LogisticRegression,0.583,0.2211,0.7114,0.6747,0.2014,0.8058,2334.73,2424068,110342,308240
Grid_69,temp_qc,RandomForest,0.9731,0.5968,0.9805,0.938,0.242,0.968,68827.32,3864800,172371,285119
Grid_69,temp_qc,ExtraTrees,0.9293,0.4892,0.9552,0.9176,0.2393,0.957,2476.44,3864800,172371,285119
Grid_69,temp_qc,XGBoost,0.959,0.5393,0.9723,0.892,0.2357,0.9429,1931.33,3864800,172371,285119
Grid_69,temp_qc,CatBoost,0.9035,0.3449,0.9408,0.848,0.2294,0.9177,2761.18,3864800,172371,285119
Grid_69,temp_qc,LightGBM,0.9525,0.5331,0.9686,0.8936,0.236,0.9438,3111.12,3864800,172371,285119
Grid_69,temp_qc,LogisticRegression,0.6018,0.2078,0.7426,0.6655,0.2001,0.7991,65918.58,3864800,172371,285119
Grid_69,psal_qc,RandomForest,0.9404,0.556,0.9589,0.8409,0.25,0.842,8513.55,3845484,172371,285119
Grid_69,psal_qc,ExtraTrees,0.896,0.4644,0.9331,0.8267,0.2486,0.8344,1411.01,3845484,172371,285119
Grid_69,psal_qc,XGBoost,0.9371,0.4968,0.9572,0.7973,0.2388,0.8162,1604.91,3845484,172371,285119
Grid_69,psal_qc,CatBoost,0.8769,0.3459,0.9221,0.7548,0.2333,0.7915,2937.34,3845484,172371,285119
Grid_69,psal_qc,LightGBM,0.9255,0.5021,0.9505,0.8044,0.2377,0.8195,886.97,3845484,172371,285119
Grid_69,psal_qc,LogisticRegression,0.6056,0.2077,0.7417,0.6305,0.2159,0.7122,8574.92,3845484,172371,285119
Grid_70,temp_qc,RandomForest,0.9626,0.4098,0.9739,0.9423,0.2504,0.9698,70773.07,3975148,177317,154359
Grid_70,temp_qc,ExtraTrees,0.9275,0.3253,0.9539,0.9113,0.245,0.9531,2158.3,3975148,177317,154359
Grid_70,temp_qc,XGBoost,0.9558,0.3671,0.9705,0.9233,0.2424,0.9596,3705.25,3975148,177317,154359
Grid_70,temp_qc,CatBoost,0.8701,0.2895,0.9217,0.8543,0.2332,0.9209,6385.25,3975148,177317,154359
Grid_70,temp_qc,LightGBM,0.9471,0.3529,0.9654,0.9253,0.2445,0.9607,3603.06,3975148,177317,154359
Grid_70,temp_qc,LogisticRegression,0.4885,0.1791,0.648,0.4431,0.1543,0.6136,61338.39,3975148,177317,154359
Grid_70,psal_qc,RandomForest,0.969,0.5981,0.9765,0.9352,0.2416,0.9665,8323.75,3958624,177317,154359
Grid_70,psal_qc,ExtraTrees,0.9356,0.4682,0.9565,0.9082,0.238,0.9519,2964.97,3958624,177317,154359
Grid_70,psal_qc,XGBoost,0.9548,0.5156,0.968,0.9095,0.2381,0.9526,2137.7,3958624,177317,154359
Grid_70,psal_qc,CatBoost,0.8923,0.3593,0.9315,0.8288,0.2266,0.9064,2371.95,3958624,177317,154359
Grid_70,psal_qc,LightGBM,0.944,0.4753,0.9614,0.8916,0.2357,0.9427,1278.85,3958624,177317,154359
Grid_70,psal_qc,LogisticRegression,0.6512,0.2285,0.7765,0.6676,0.2002,0.8007,9463.7,3958624,177317,154359
